{"meta": {"model_name": "dummy", "note": "unit-test", "classes": 3}, "distributions": {"0": [0.07830052077770233, 0.08637682348489761, 0.8353226780891418], "1": [0.20952796936035156, 0.1892949938774109, 0.6011769771575928], "2": [0.3239220976829529, 0.3375405967235565, 0.3385372757911682], "3": [0.2514645755290985, 0.26259171962738037, 0.4859437644481659], "4": [0.413616806268692, 0.3763209581375122, 0.2100621908903122]}}